Size,TimeSeconds
50,9.079999290406704e-05
100,0.00031210004817694426
200,0.0012326999567449093
500,0.009453400038182735
1000,0.041273599956184626
