Size,TimeSeconds
50,8.010002784430981e-05
100,0.00033110007643699646
200,0.001209900015965104
500,0.00892250007018447
1000,0.039636499946936965
