exp,N,kernel_ms,total_ms,maxError
15,32768,0.316416,0.3584,0
16,65536,0.007168,0.045056,0
17,131072,0.01536,0.052224,0
18,262144,0.021504,0.093184,0
19,524288,0.041984,0.082944,0
20,1048576,0.080896,0.31232,0
21,2097152,0.15872,0.217088,0
22,4194304,0.316416,0.384,0
23,8388608,0.785408,0.82672,0
24,16777216,1.24314,1.28835,0
25,33554432,2.5088,2.56336,0
