exp,N,alloc_ms,mem_ms,kernel_ms,maxError
14,16384,0.006048,0.108672,0.866112,0
15,32768,0.00416,0.117184,1.07914,0
16,65536,0.003904,0.149888,2.83302,0
17,131072,0.003904,0.274464,9.72918,0
18,262144,0.003872,0.436,41.9508,0
19,524288,0.00576,0.9552,190.761,0
20,1048576,0.004832,1.73146,638.29,0
