exp,N,alloc_ms,mem_ms,kernel_ms,maxError
15,32768,0.005664,0.228768,0.469632,1
16,65536,0.004832,0.283072,0.04656,1
17,131072,0.0048,0.440128,0.048064,1
18,262144,0.005184,0.738912,0.059808,1
19,524288,0.004704,1.17818,0.116544,1
20,1048576,0.004704,2.36835,0.117632,1
21,2097152,0.005024,5.24202,0.261408,1
22,4194304,0.005024,10.8206,0.40912,1
23,8388608,0.004704,18.1818,0.72512,1
24,16777216,0.005184,35.1908,1.29357,1
25,33554432,0.005152,66.4633,2.59286,1
