exp,N,ms,maxError
15,32768,0.31744,0
16,65536,0.007168,0
17,131072,0.01536,0
18,262144,0.023552,0
19,524288,0.041984,0
20,1048576,0.077824,0
21,2097152,0.159744,0
22,4194304,0.316416,0
23,8388608,0.631808,0
24,16777216,1.26054,0
25,33554432,2.5344,0
